,title,url,keyword
0,"INTJ, ENTJ, ENTP, INTP 인간관계 스타일, 돈 버는 성격...",https://blog.naver.com/semoreport/223178046085,"['인간관계', '스타일', '돈', '버', '성격']"
1,"INTP 연애,궁합,특징,이상형 (인팁 팩폭)",https://blog.naver.com/qmfosej/222640851898,"['연애', '궁합', '특징', '이상형', '인팁', '팩폭']"
2,캐릭터 창작을 위한 MBTI) INTP와 ISTP는 자신의 감정을...,https://blog.naver.com/sonafox/223179586138,"['캐릭터', '창작', '위', '자신', '감정']"
3,(133)늘 미션이 필요한 INTP의 사서 고생하는 이야기,https://blog.naver.com/laura5/223181383043,"['늘', '미션', '필요한', '의', '사서', '고생', '이야기']"
4,INTP와 청소,https://blog.naver.com/flyingkim1/223190387487,['청소']
5,조련하는 영숙과 아기 상철은 현커? + MBTI INTP 난리난 인스타,https://blog.naver.com/hooshia/223185695074,"['조련', '영숙', '아기', '상철', '현', '난리', '인스타']"
6,intp enfp 여자 남자 궁합 성격 연애상담하며 느낀 팩폭,https://blog.naver.com/teemogogo/223032118963,"['여자', '남자', '궁합', '성격', '연애', '담하며', '팩폭']"
7,MBTI 검사 성격종류 인팁 INTP 특징 팩폭 연애 스타일 INTP-T,https://blog.naver.com/love777555/223088703782,"['검사', '성격', '종류', '인팁', '특징', '팩폭', '연애', '스타일']"
8,"INTP 특징, 빙고, 팩폭, 연애, 인팁 이거 하나면 끝!",https://blog.naver.com/silvv629/223167592565,"['특징', '빙고', '팩폭', '연애', '인팁', '거', '하나', '끝']"
9,I유형편 ISTJ ISTP ISFJ ISFP INTJ INTP INFJ INFP,https://blog.naver.com/blackhole_chinese/223147912230,"['유형', '편']"
10,MBTI I 가 내향적일수 밖에 없는 과학적 이유 | INTP ISTP...,https://blog.naver.com/septembergem/223165647820,"['향', '일수', '없는', '과학', '이유']"
11,나는솔로 16기 미국 아가 INTP 상철 영숙 탈북 순자 현숙 정숙...,https://blog.naver.com/cosreader/223186098425,"['나', '솔로', '기', '미국', '아가', '상철', '영숙', '탈북', '순자', '현숙', '정숙']"
12,INTP 특징들! 성격 연애 빙고 모음 (팩폭 있음),https://blog.naver.com/aimei96/222748981659,"['특징', '성격', '연애', '빙고', '모음', '팩폭', '있음']"
13,"INTP 인팁 연애,궁합,특징",https://blog.naver.com/rayharp/223071726820,"['인팁', '연애', '궁합', '특징']"
14,MBTI 정식검사(Form Q) 후기 - 나는 INTP냐 ISTP냐,https://blog.naver.com/songhee3/222632039858,"['정식', '검사', '후기', '나']"
15,서로 보완할 수 있는 MBTI 유형 : ENFP 엔프피와 INTP 인팁,https://blog.naver.com/richungcy/223120187664,"['서로', '보완', '수', '있는', '유형', '엔프피', '인팁']"
16,"INTP 특징, 팩폭! 극과 극 ESFP와 연애 가능할까요?",https://blog.naver.com/eatlunche/223153111449,"['특징', '팩폭', '과', '연애', '가능할까', '요']"
17,논리학자 INTP 유형,https://blog.naver.com/aga9249/223133931708,"['논리학자', '유형']"
18,INTP 특징 연애스타일 궁합 팩폭 장점 인팁 MBTI 성격유형검사,https://blog.naver.com/jumpsteady/223071943798,"['특징', '연애스타일', '궁합', '팩폭', '장점', '인팁', '성격', '유형', '검사']"
19,isfj 연애 장점 특징 intj intp랑은 정말 안맞아,https://blog.naver.com/teemogogo/222894588994,"['연애', '장점', '특징', '정말']"
20,INTP 특징 남자 연애 빙고 단점 직업 인팁,https://blog.naver.com/love777555/223156963927,"['특징', '남자', '연애', '빙고', '단점', '직업', '인팁']"
21,"MBTI INTP 특징과 팩폭, 논리술사",https://blog.naver.com/gift_store/222995552042,"['특징', '팩폭', '논리', '술사']"
22,"intp 단점 팩폭, 오랜만에 쓰는mbti 글(반말+비속어 불편...",https://blog.naver.com/now_2716/223104076449,"['단점', '팩폭', '만', '글', '반말', '비속어', '불편']"
23,INTP 특징 알아보기 (MBTI 검사 인팁 팩폭),https://blog.naver.com/chummilmil99/222595485103,"['특징', '검사', '인팁', '팩폭']"
24,MBTI 성격유형별 양육태도와 교수법 - INTP,https://blog.naver.com/projecthong/222494307423,"['성격', '유형', '별', '태도', '교수', '법']"
25,MBTI 유형 INTP 성격 특징 내가 인팁이라니..!,https://blog.naver.com/whrhkffide/223180975239,"['유형', '성격', '특징', '내', '인팁']"
26,INTP 성격 단점 부모 자녀 특징 교육법,https://blog.naver.com/blackhole_chinese/223186956383,"['성격', '단점', '부모', '자녀', '특징', '교육법']"
27,"[MBTI성격유형검사] INTP 특징, 팩폭, 추천직업, 연애, 궁합, 밈",https://blog.naver.com/yn00420/223173948817,"['성격', '유형', '검사', '특징', '팩폭', '추천', '직업', '연애', '궁합', '밈']"
28,[mbti 테스트] infj / intj / intp / isfp / isfj / istj...,https://blog.naver.com/hackersingang/223155867973,['테스트']
29,연애 캐릭터 테스트 MBTI 성격 ENFJ ENFP INTP 여자편 남자편,https://blog.naver.com/sunzooland/222987787421,"['연애', '캐릭터', '테스트', '성격', '여자', '편', '남자', '편']"
30,INTP 애널리스트의 MBTI 투자 활용하기,https://blog.naver.com/rainyrj/222701818507,"['애널', '리스트', '투자', '활용']"
31,intp 특징과 infp 특징! mbti 성격유형 정리☆,https://blog.naver.com/hacademia/222638748988,"['특징', '특징', '성격', '유형', '정리']"
32,직접 느낀 Entp 와 Intp의 핵심적인 차이점,https://blog.naver.com/isabella2001/223094892396,"['직접', '의', '핵심', '차이점']"
33,MBTI 검사 결과 인팁 INTP 성격 장점 특징 연애,https://blog.naver.com/love777555/223088630475,"['검사', '결과', '인팁', '성격', '장점', '특징', '연애']"
34,침착맨은 INTP인가 INTJ인가에 관한 고찰,https://blog.naver.com/7676114/223157545282,"['침착', '맨', '관', '고찰']"
35,4. MBTI 유형 - INTP 남자 여자 성격 특징 짤,https://blog.naver.com/wedding_diary/223183123966,"['유형', '남자', '여자', '성격', '특징', '짤']"
36,INTP 짝사랑 어떨까?~,https://blog.naver.com/haun0910/223177237563,"['짝사랑', '어떨까']"
37,나는 솔로 16기 성철 intp관점에서 리뷰,https://blog.naver.com/bluepondco/223188423167,"['나', '솔로', '기', '성철', '관점', '리뷰']"
38,INTP인가 INFP인가? - [1] INTP 또는 INFP 테스트,https://blog.naver.com/ooz5273/222945393332,['테스트']
39,"INTP 특징,팩폭,빙고,직업추천 /인팁 특징",https://blog.naver.com/rayharp/222850265746,"['특징', '팩폭', '빙고', '직업', '추천', '인팁', '특징']"
40,"INTP 특징, 팩폭 - 인팁은 찐따인가? 연애, 빙고",https://blog.naver.com/jyun1533/223083834148,"['특징', '팩폭', '인팁', '연애', '빙고']"
41,INTP 특징 팩폭 성격 밈 연애 궁합 빙고 인팁 특징,https://blog.naver.com/onthesnow/223101300997,"['특징', '팩폭', '성격', '밈', '연애', '궁합', '빙고', '인팁', '특징']"
42,사랑의 안개꽃 테스트 MBTI 유형 ISTP INTP ISFP INFJ...,https://blog.naver.com/sunzooland/223005513295,"['사랑', '안개꽃', '테스트', '유형']"
43,"그래 내가 인팁이다. INTP특징,연애,썸,인팁성격,인팁 꼬시는 법",https://blog.naver.com/0150a01/223184952458,"['그래', '내', '인팁', '특징', '연애', '썸', '인팁', '성격', '인팁', '꼬시', '법']"
44,좋아하는 말 1탄 INFP INTP ISFP ESTP ISFJ ENFP ISTJ ESFJ,https://blog.naver.com/blackhole_chinese/223157491138,"['좋아하는', '말']"
45,[롤링페이퍼 MBTI] INTP인 내가 샴록그린(ESFJ)만 나온다.,https://blog.naver.com/teamate/223099868581,"['롤링', '페이퍼', '인', '내', '샴록', '그린', '만']"
46,MBTI 테스트 검사 ISTP ESFP INTP ISTJ ISFP ENTP 결과 뜻...,https://blog.naver.com/t2038/223117187812,"['테스트', '검사', '결과', '뜻']"
47,INTP 특징 빙고 팩폭 장점 연애 썸 궁합 성격 인팁,https://blog.naver.com/love777555/223040010632,"['특징', '빙고', '팩폭', '장점', '연애', '썸', '궁합', '성격', '인팁']"
48,MBTI 성격 유형 엔팁 ENTP와 인팁 INTP의 특징과 장단점,https://blog.naver.com/richungcy/223139460541,"['성격', '유형', '팁', '인팁', '의', '특징', '장단점']"
49,나는솔로 16기 아가 INTP 상철 레전드..? 순자 현숙 정숙 옥순...,https://blog.naver.com/qmfosej/223186006438,"['나', '솔로', '기', '아가', '상철', '레전드', '순자', '현숙', '정숙', '옥순']"
50,INTP 성격 단점 짤 특징 연애궁합 모아보기,https://blog.naver.com/angel_717/223166997193,"['성격', '단점', '짤', '특징', '연애', '궁합', '보기']"
51,나는 솔로 16기 미국 아가 INTP 상철 매력 있네 (영숙 탈북?),https://blog.naver.com/sooyeon1202/223186281584,"['나', '솔로', '기', '미국', '아가', '상철', '매력', '있네', '영숙', '탈북']"
52,"회사 독립꾼들_ intp 마케터, 나린 _ 173주차 일기",https://blog.naver.com/lattestore/223028541698,"['회사', '독립', '꾼', '마케터', '나린', '주차', '일기']"
53,ISTJ엄마 INTP아들. 엄마표 극혐 엄마의 엄마표.,https://blog.naver.com/khy_1112/223068310585,"['엄마', '아들', '엄마', '표', '극혐', '엄마', '엄마', '표']"
54,INTP 특징 아이디어뱅크형 인팁의 모든 것,https://blog.naver.com/queen0326/223094364709,"['특징', '아이디어', '뱅크', '인팁', '모든', '것']"
55,연애세포 캐릭터 테스트 결과 MBTI 유형 INFJ INTP ESFP ESFJ,https://blog.naver.com/sunzooland/223027402797,"['연애', '세포', '캐릭터', '테스트', '결과', '유형']"
56,"INTP 재회, 감정을 이해하고 소중한 연결을 다시 맺는 방법",https://blog.naver.com/sy0643/223188764016,"['재회', '감정', '이해', '소중한', '연결', '다시', '방법']"
57,INTP 성격 장점 단점 팩폭 연애 연예인 직업,https://blog.naver.com/blackhole_chinese/223063877535,"['성격', '장점', '단점', '팩폭', '연애', '연예인', '직업']"
58,INFP 와 INTP 의 중간이 해보는 MBTI 45문답! (+ 양식 있음),https://blog.naver.com/billy0810/223173875161,"['의', '중간', '문답', '양식', '있음']"
59,성공한 사람은 ESTJ라 INTP는 어떻게 살아야 할까요,https://blog.naver.com/pie0123/223143563138,"['성공한', '사람', '어떻게', '요']"
60,MBTI 성격 유형 종류 인팁 INTP 팩폭 연애 특징 궁합 연예인,https://blog.naver.com/love777555/223107716153,"['성격', '유형', '종류', '인팁', '팩폭', '연애', '특징', '궁합', '연예인']"
61,INTP 성격 팩폭 장점 여자 남자 연애 궁합 인팁 특징,https://blog.naver.com/love777555/223062105813,"['성격', '팩폭', '장점', '여자', '남자', '연애', '궁합', '인팁', '특징']"
62,INTP 특징 남자 장점 연락 비율 인팁 INTP-T,https://blog.naver.com/love777555/223157137839,"['특징', '남자', '장점', '연락', '비율', '인팁']"
63,MBTI 특징 테스트 연애편 ENFP ENFJ INFJ INTP 결과 특징...,https://blog.naver.com/sunzooland/223018508604,"['특징', '테스트', '연애', '편', '결과', '특징']"
64,MBTI 유형 인팁 intp 인티제 intj 특징 비교,https://blog.naver.com/richungcy/223176443479,"['유형', '인팁', '인티제', '특징', '비교']"
65,MBTI 순위 유형별 손절 잘하는 순위를 알아볼까요 INTP ISTP,https://blog.naver.com/blackhole_chinese/223078001717,"['순위', '유형', '별', '손절', '순위', '요']"
66,임작가 성격공부 INTP-A와 INTP-T의 차이,https://blog.naver.com/petit0/223040455036,"['임', '작가', '성격', '공부', '의', '차이']"
67,"INTP 특징, 연애, 궁합, 팩폭, 성격, 썸, 장점",https://blog.naver.com/sun0799dh/223007525921,"['특징', '연애', '궁합', '팩폭', '성격', '썸', '장점']"
68,인팁 intp 특징 팩폭 연애스타일 & 궁합,https://blog.naver.com/kbdc8761/223174872763,"['인팁', '특징', '팩폭', '연애스타일', '궁합']"
69,나의 MBTI는?! INTP-T 논리술사!,https://blog.naver.com/sosomi3/223133339479,"['나', '논리', '술사']"
70,INTP에게 맞는 공부 방법 - MBTI 유형별 공부법 정리,https://blog.naver.com/meta-mind/223142284385,"['공부', '방법', '유형', '별', '공부', '법', '정리']"
71,INTP 특징 연애 궁합 연예인 팩폭 여자 빙고 강력한 논리,https://blog.naver.com/cosreader/223064121515,"['특징', '연애', '궁합', '연예인', '팩폭', '여자', '빙고', '강력한', '논리']"
72,INTP 여자 특징 팩폭 호감 성격 인팁 여자연예인 MBTI 유형,https://blog.naver.com/love777555/223079791999,"['여자', '특징', '팩폭', '호감', '성격', '인팁', '여자', '연예인', '유형']"
73,INTP 인팁 특징 부모 자녀 알아보기,https://blog.naver.com/blackhole_chinese/223149306823,"['인팁', '특징', '부모', '자녀']"
74,"INTP 연애 특징 인팁 호감 썸 팩폭 정리zip (INFP, ISFJ...",https://blog.naver.com/qmfosej/223007738469,"['연애', '특징', '인팁', '호감', '썸', '팩폭', '정리']"
75,INTP 특징 여자 팩폭 성격특징 호감 연애궁합 인팁,https://blog.naver.com/love777555/223157146300,"['특징', '여자', '팩폭', '성격', '특징', '호감', '연애', '궁합', '인팁']"
76,INTP 여자 특징 연애 궁합 빙고 남자 연예인은?,https://blog.naver.com/chois909/223004049607,"['여자', '특징', '연애', '궁합', '빙고', '남자', '연예인']"
77,분석가형 정신병원에 갔을 때 짤 ENTP ENTJ INTJ INTP,https://blog.naver.com/blackhole_chinese/223185485423,"['분석', '가형', '정신병원', '때', '짤']"
78,"intp, infp 특징은? 디즈니 공주 MBTI 유형 재밌어",https://blog.naver.com/84hahahoho/222904628610,"['특징', '디즈니', '공주', '유형', '재밌어']"
79,"프로그래머 MBTI 성격 유형 순위, INTP : 프로그래머스 개발자...",https://blog.naver.com/jobwanted/223188053305,"['프로그래머', '성격', '유형', '순위', '프로그래머', '스', '개발자']"
80,챗GPT가 말하는 INTP의 덕후력,https://blog.naver.com/armada1588/223135097026,"['챗', '말', '의', '덕후']"
81,미래직업 찾기 - INTP 직업 추천해요 (인팁 특징),https://blog.naver.com/jobcard/223174520197,"['미래', '직업', '찾기', '직업', '추천', '인팁', '특징']"
82,연애 이용권 테스트 MBTI 유형 결과 INFP INTP ISTJ 특징,https://blog.naver.com/sunzooland/223081862795,"['연애', '이용권', '테스트', '유형', '결과', '특징']"
83,"골목포차, 학동흑진주몽돌해변,장터할매돼지국밥, intp",https://blog.naver.com/wnejrwo/223138796927,"['골목', '포차', '학동', '진주몽', '돌', '해변', '장터', '돼지국밥']"
84,MBTI와 학습 - INTP 효과적인 학습 방법,https://blog.naver.com/projecthong/223124273996,"['학습', '효과', '학습', '방법']"
85,연애 매운맛 테스트 MBTI 유형 ENTP INFP INTJ INTP 특징,https://blog.naver.com/sunzooland/223055490957,"['연애', '매운', '맛', '테스트', '유형', '특징']"
86,intp 연애 스타일 성격 여자 남자 특징 궁합 연예인 빙고...,https://blog.naver.com/cosreader/223113039218,"['연애', '스타일', '성격', '여자', '남자', '특징', '궁합', '연예인', '빙고']"
87,20221228 intp의 성격테스트 모음,https://blog.naver.com/zipurak1/222968447910,"['의', '성격', '테스트', '모음']"
88,"MBTI 탐구 - INTP 특징과 장점, 단점",https://blog.naver.com/hoitchaa/223103808939,"['탐구', '특징', '장점', '단점']"
89,INTP 직업 특징 자유로운 환경 복잡한 문제 해결을...,https://blog.naver.com/feia1230/223178650404,"['직업', '특징', '자유로운', '환경', '복잡한', '문제', '해결']"
90,"INTP 특징, 팩폭, 성격, 연애, 썸, 연예인, 짝사랑, 빙고, 인물...",https://blog.naver.com/cosreader/222972453754,"['특징', '팩폭', '성격', '연애', '썸', '연예인', '짝사랑', '빙고', '인물']"
91,#ENTP #베이비부머 아빠 VS #INTP #MZ세대 수양딸 대환장 파티,https://blog.naver.com/maxcowell/223153158349,"['아빠', '수양딸', '환', '파티']"
92,INTP 성격 밈 궁합 연예인 여자 빙고 직업 남자,https://blog.naver.com/love777555/223049198281,"['성격', '밈', '궁합', '연예인', '여자', '빙고', '직업', '남자']"
93,Day 6 INTP는 단점 부자?,https://blog.naver.com/s2kumarei/223188253517,"['단점', '부자']"
94,(재미로 보는) INTP가 본 ENFJ,https://blog.naver.com/gunwoogunzo/223013252027,['재미']
95,#ENTP vs #ENFP vs #INTP 계급장 떼고 붙었습니다,https://blog.naver.com/maxcowell/223104517813,['계급']
96,E들에게 둘러싸여 보낸 INTP의 지난 주말,https://blog.naver.com/2yjyj/223185441110,"['의', '지난', '주말']"
97,일상일기 : 별것없는 INTP의 일상일기,https://blog.naver.com/sstt3324a/223125043133,"['일상', '일기', '별것', '없는', '의', '일상', '일기']"
98,데이트 장소 ISTJ ISTP ISFJ ISFP INTJ INTP INFP INFJ,https://blog.naver.com/blackhole_chinese/223085140180,"['데이트', '장소']"
99,초천재 INTP 특징,https://blog.naver.com/choibel/222388778396,"['초', '천재', '특징']"
100,INTP 데이트는?~,https://blog.naver.com/jenme2848/223167717074,['데이트']
101,MBTI 분석가형 특징 영어로 (INTJ INTP ENTJ ENTP),https://blog.naver.com/amanikoh/222925400403,"['분석', '가형', '특징', '영어']"
102,INTP가 어떤 인간인지 알려주마-1,https://blog.naver.com/mamo04/223108877765,"['어떤', '인간']"
103,"INFP,INTP/인프피,인팁 궁합,연애,관계 [24/256]",https://blog.naver.com/rayharp/222630517559,"['인프피', '인팁', '궁합', '연애', '관계']"
104,INTP 유형 연예인 집 구경하기:,https://blog.naver.com/hi_nice2meetu/222953730646,"['유형', '연예인', '집', '구경']"
105,캐릭터 창작을 위한 mbti) intp vs entp 아이들,https://blog.naver.com/sonafox/222656115639,"['캐릭터', '창작', '위', '아이']"
106,유투브 채널 추천 - INTP 취향 유투브 채널,https://blog.naver.com/cnblue1141/223010543128,"['유투브', '채널', '추천', '취향', '유투브', '채널']"
107,"INTP인팁 빙고,특징,팩폭,짤,밈",https://blog.naver.com/rayharp/222276878330,"['인팁', '빙고', '특징', '팩폭', '짤', '밈']"
108,말티즈 성격 테스트 MBTI 유형 ESFJ ESFP ISFJ INTP 궁합...,https://blog.naver.com/sunzooland/223001960884,"['말티즈', '성격', '테스트', '유형', '궁합']"
109,MBTI 유형별 잘난 점들 INTP INTJ INFP INFJ ISTP ISTJ...,https://blog.naver.com/blackhole_chinese/223082855791,"['유형', '별', '잘난', '점']"
110,왕 성격 테스트 MBTI 결과 솔직왕 INTP 고집왕 INTJ,https://blog.naver.com/sunzooland/222981115160,"['왕', '성격', '테스트', '결과', '솔직', '고집']"
111,INTP 빙고,https://blog.naver.com/wls7099/223180213025,['빙고']
112,캐릭터 창작을 위한 MBTI) ENFJ와 INTP가 만나면?,https://blog.naver.com/sonafox/222974112732,"['캐릭터', '창작', '위']"
113,MBTI 성격유형 INTP 특징 INTJ 특징,https://blog.naver.com/jumpsteady/222874507990,"['성격', '유형', '특징', '특징']"
114,테스트 MBTI 케이테스트 링크 모든 결과 고요한 관람차 INTP,https://blog.naver.com/ragrangju/223172300001,"['테스트', '케이', '테스트', '링크', '모든', '결과', '고요한', '관람차']"
115,"비눗방울 성격 테스트, 괴짜 방울 INTP (링크/결과)",https://blog.naver.com/db30023/223181454440,"['비눗방울', '성격', '테스트', '괴짜', '방울', '링크', '결과']"
116,"INTP 궁합, 성격 특징, 직업추천까지 총정리!",https://blog.naver.com/dufrhd202020/223151999825,"['궁합', '성격', '특징', '직업', '추천', '정리']"
117,"[INTP CODE] 월 1,000만원 버는 intp 이 되고 싶다면!",https://blog.naver.com/llajpall/222992139708,"['월', '버', '이']"
118,INTP 특징 /// INTP 남자 여자 특징,https://blog.naver.com/msjangdh/223179220030,"['특징', '남자', '여자', '특징']"
119,26. mbti 에 관한 고찰 (feat. intp 남자),https://blog.naver.com/bittersweetsanta/223190488097,"['관', '고찰', '남자']"
120,결혼소개소 제이노블 ㅣintp 플러팅에 대하여 알아볼까요?,https://blog.naver.com/minlee0326/223181643494,"['결혼', '소개', '소', '제이노블', '플러팅', '대하', '요']"
121,MBTI 유형분석 INTP 인팁 - 괴짜 아우라의 사색가,https://blog.naver.com/annecolor/222612656421,"['유형', '분석', '인팁', '괴짜', '아우라', '사색']"
122,ESFJ ESFP ESTJ ESTP INFJ INFP INTJ INTP ISFJ ISFP ISTJ ISTP,https://blog.naver.com/blackhole_chinese/223096622829,[]
123,"INTP 특징, 연애, 궁합, 팩폭, 연예인, 빙고, 자세하게 분석",https://blog.naver.com/cosreader/222952268261,"['특징', '연애', '궁합', '팩폭', '연예인', '빙고', '자세하게', '분석']"
124,INTP 딸을 키우는 중 (실험 수발과 멘탈 관리~),https://blog.naver.com/myeden/222971600971,"['딸', '중', '실험', '수발', '멘탈', '관리']"
125,"mbti 유형 isfj, intj, intp 팩폭해봤습니다",https://blog.naver.com/cltube/223166762905,"['유형', '팩폭']"
126,MBTI INTP(인팁) 아이돌 연예인 성격 특징 성향 진 사쿠라 세훈...,https://blog.naver.com/ryuri666/223003364576,"['인팁', '아이돌', '연예인', '성격', '특징', '성향', '진', '사쿠라', '세훈']"
127,"INTP 특징, 연애 총정리 이것만 알면 끝!",https://blog.naver.com/zizipupy/222969319352,"['특징', '연애', '정리', '것', '알', '끝']"
128,INTP 팩폭 연예인 궁합 빙고 여자 남자 특징 검사 성격 직업...,https://blog.naver.com/cosreader/223015093957,"['팩폭', '연예인', '궁합', '빙고', '여자', '남자', '특징', '검사', '성격', '직업']"
129,MBTI 성격 INTP 유형 특징 알아보기,https://blog.naver.com/bonitaliny/222231927151,"['성격', '유형', '특징']"
130,estp intp 연애 궁합 및 특징,https://blog.naver.com/kbdc8761/223162272638,"['연애', '궁합', '및', '특징']"
131,도서 INTP CODE 숙제 2 (4질문법),https://blog.naver.com/cacao24/223184101992,"['도서', '숙제', '질문', '법']"
132,INTP 팩폭 특징 자기애 강한 MBTI 특징,https://blog.naver.com/feia1230/223162861527,"['팩폭', '특징', '자기애', '강한', '특징']"
133,"INTP 장점, 특징, 직업, 연애, 성격, 남자, ESTJ, ENTP...",https://blog.naver.com/cosreader/222992320532,"['장점', '특징', '직업', '연애', '성격', '남자']"
134,"INTP 특징, 연애, 궁합, 연예인, 빙고, 팩폭으로 분석",https://blog.naver.com/cosreader/222919422209,"['특징', '연애', '궁합', '연예인', '빙고', '팩폭', '분석']"
135,"[성격공부3주차]NT분석가_INTP토론가,몽상가",https://blog.naver.com/lovemyselforever/223133672070,"['성격', '공부', '주차', '분석', '토론', '몽상가']"
136,MBTI성격유형 INTP 장점 단점 팩폭까지,https://blog.naver.com/influencer33/223152110225,"['성격', '유형', '장점', '단점', '팩폭']"
137,[점신] INTP를 사주 일간에 대입한다면?,https://blog.naver.com/jeomsin/223185938274,"['점신', '를', '사주', '일간', '대입']"
138,INTP 부모의 양육태도/ 특징 논리적인 사색가_아이디어형...,https://blog.naver.com/dahara11/222388296176,"['부모', '양육', '태도', '특징', '논리', '사색', '아이디어']"
139,INTP 특징 성격 유형 연애 직업 모두다 알랴줌,https://blog.naver.com/queen0326/222451508935,"['특징', '성격', '유형', '연애', '직업', '모두', '줌']"
140,인팁 INTP 남자 여자 특징 궁합 팩폭,https://blog.naver.com/kbdc8761/223141989870,"['인팁', '남자', '여자', '특징', '궁합', '팩폭']"
141,"mbti 성격유형검사 l INTP 특징, 유형, 팩폭, 연예인 알아보기",https://blog.naver.com/khretail/222864796050,"['성격', '유형', '검사', '특징', '유형', '팩폭', '연예인']"
142,김겨울] INTP코드 - 시간적·경제적 자유를 위한 14가지 INTP...,https://illusionofmoon.tistory.com/1285,"['김겨울', '코드', '시간', '경제', '자유', '위', '가지']"
143,INTP 특징 짤 성격 장점 연락 밈 꼼꼼하게 정리,https://blog.naver.com/cosreader/222888964286,"['특징', '짤', '성격', '장점', '연락', '밈', '꼼꼼하게', '정리']"
144,"[MBTI] ISTP,INTP의 차이점",https://blog.naver.com/lukawitch/223082869306,"['의', '차이점']"
145,테스트하로 - MBTI 성격유형검사 결과 (INTP),https://blog.naver.com/gagoist/223096668311,"['테스트', '성격', '유형', '검사', '결과']"
146,INTP 짤 모음 5,https://blog.naver.com/bob-ross/222866270772,"['짤', '모음']"
147,Intp은 사람이 참 무해하다,https://blog.naver.com/besecondtonone-/223015829766,"['은', '사람', '무']"
148,"INTP 플러팅, 어떤 모습일지 확인하기",https://blog.naver.com/jar2231/223139187762,"['플러팅', '어떤', '모습', '일지', '확인']"
149,테스트 mbti 케이테스트 링크 모든 결과 돈트 콜 플리 INTP,https://blog.naver.com/ragrangju/223168943645,"['테스트', '케이', '테스트', '링크', '모든', '결과', '돈트', '콜', '플리']"
150,따뜻한 로봇 INTP 특징 팩폭 연애 이상형 궁합 정리,https://blog.naver.com/qkrdmsdhr95/222840949854,"['따뜻한', '로봇', '특징', '팩폭', '연애', '이상형', '궁합', '정리']"
151,"INTP 특징, 팩폭, 연애, 궁합 및 장단점",https://blog.naver.com/sun0799dh/222390885253,"['특징', '팩폭', '연애', '궁합', '및', '장단점']"
152,INTP_논리술사_MBTI16가지 성격유형,https://blog.naver.com/occkei/222850206817,"['논리', '술사', '가지', '성격', '유형']"
153,"INTP 남편, ESTP 부인 간 대화 예",https://blog.naver.com/gdmgfes70/223189514438,"['남편', '부인', '간', '대화', '예']"
154,intp 연애 특징 팩폭 궁합 빙고 인팁 현실적인 총정리,https://blog.naver.com/cosreader/222875235414,"['연애', '특징', '팩폭', '궁합', '빙고', '인팁', '현실', '정리']"
155,MBTI 성격유형별 코칭 방법 - ESFJ & INTP,https://blog.naver.com/projecthong/222928246238,"['성격', '유형', '별', '코칭', '방법']"
156,1년 후 바뀐 나의 MBTI는 INFP > INTP,https://blog.naver.com/skawnl123/223187970280,"['후', '나']"
157,INTP유형 성격 연애 직업 장점 단점 조용하지만 확실한 편!...,https://blog.naver.com/dldlfclfdud/222178870465,"['유형', '성격', '연애', '직업', '장점', '단점', '조용하지만', '확실한', '편']"
158,INTP남편과 임신출산 함께하기,https://blog.naver.com/starfirm/223102993351,"['남편', '임신', '출산']"
159,"INTP,ENTJ/인팁,엔티제 연애,궁합,관계[39/256]",https://blog.naver.com/rayharp/222824945773,"['인팁', '티제', '연애', '궁합', '관계']"
160,"[호주대학교] MBTI별 호주 직업과 학교 추천 - INTP, INTJ 편",https://blog.naver.com/melbourne070/222957465670,"['호주', '대학교', '별', '호주', '직업', '학교', '추천', '편']"
161,ESTJ INTP 공부법 ESFJ 공부방법 궁금한사람!,https://blog.naver.com/ek00636-/223166410146,"['공부', '법', '공부', '방법', '궁금한', '사람']"
162,intp 팩폭 특징 연애 궁합 빙고 자세하게 정리,https://blog.naver.com/cosreader/222861960052,"['팩폭', '특징', '연애', '궁합', '빙고', '자세하게', '정리']"
163,mbti 빙고 8탄 - 인팁 INTP 성격 특징,https://blog.naver.com/gkfngkfn414/222649253873,"['빙고', '인팁', '성격', '특징']"
164,"MBTI 유형별 창업할 때 장점은? - ENTJ, INTP, ESFJ, ISTJ 편",https://blog.naver.com/firstmallnow/222656550156,"['유형', '별', '창업', '때', '장점', '편']"
165,intp 연애 궁합 인팁이랑 잘 맞는 유형은?,https://blog.naver.com/grandheamur/222812947067,"['연애', '궁합', '인팁', '유형']"
166,인팁 INTP 특징 팩폭,https://blog.naver.com/zbpaevcwrkpyi/223033723381,"['인팁', '특징', '팩폭']"
167,"INTP 성격, 인물, MBTI, 검사, 논리적인 사색가, 단점, 특징...",https://blog.naver.com/cosreader/222934103970,"['성격', '인물', '검사', '논리', '사색', '단점', '특징']"
168,"유치원 방학, 게으르지만 글쓰는 INTP 엄마 가정보육 육아일기",https://blog.naver.com/qlcsk1129/222968831670,"['유치원', '방학', '게으르지만', '글', '엄마', '가정', '보육', '육아', '일기']"
169,"INTP 특징 :: 인팁 블로거가 본 나무위키, 온라인 밈 분석",https://blog.naver.com/mozziii/222815882240,"['특징', '인팁', '블로거', '나무', '위키', '온라인', '밈', '분석']"
170,INTP 특징 성격 연예인 팩폭 직업 연애 궁합 빙고 솔직한 분석,https://blog.naver.com/cosreader/222902436232,"['특징', '성격', '연예인', '팩폭', '직업', '연애', '궁합', '빙고', '솔직한', '분석']"
171,"인생의 중요한 결정을 할때 INTJ, INTP",https://blog.naver.com/cortana1001/223170390809,"['인생', '중요한', '결정', '때']"
172,"결과] 결국 우리가 다 습득하게 되는 기능 (ENFJ,INTP, ISFJ)",https://blog.naver.com/fbanswjd/223165570317,"['결과', '우리', '습득', '기능']"
173,MBTI 성격테스트 무료버전 사이트 (INTP 성격유형),https://blog.naver.com/kang6902/222615921221,"['성격', '테스트', '무료', '버전', '사이트', '성격', '유형']"
174,INTP INFP 특징 MBTI 유형 중 T F 차이는?,https://blog.naver.com/richungcy/222605084206,"['특징', '유형', '중']"
175,"[INTP] 인팁 특징 연애 직업 궁합 INTP-A, T",https://blog.naver.com/aktnfrmsdlf/223140264629,"['인팁', '특징', '연애', '직업', '궁합']"
176,"다시해본 무료 MBTI 검사, INTP",https://blog.naver.com/kangfla/223133283935,"['다시', '무료', '검사']"
177,디지털 노마드 마케터 intp 너를 응원해_하고 싶을 때 하는 것_,https://blog.naver.com/lattestore/222876931104,"['디지털', '노마드', '마케터', '너', '응원', '때', '것']"
178,"[MBTI] INTP - 생각의 틀을 깨고 날아오르는, 창의적인 문제...",https://blog.naver.com/p1brood/222659534178,"['생각', '틀', '창의', '문제']"
179,tci검사 비대면 심리상담으로 mbti검사 결과 INTP,https://blog.naver.com/moon6123/222834177092,"['검사', '비대', '심리상담', '검사', '결과']"
180,ENTP 와 INTP 의 차이 다른점 구분,https://blog.naver.com/ra0215/222729853707,"['의', '차이', '점', '구분']"
181,INFJ가 관찰한 INTP (인프제가 바라본 인팁),https://blog.naver.com/hskim419/222632407448,"['관찰', '인', '프제', '인팁']"
182,한자 1026 개 공부하고 싶으신 분? INTP 아들의 한자 공부법,https://blog.naver.com/yumiko46/223006420783,"['한자', '개', '공부', '분', '아들', '한자', '공부', '법']"
183,"캐릭터 창작을 위한 MBTI) INTP, 고뇌하는 뜬구름일까?",https://blog.naver.com/sonafox/222098911167,"['캐릭터', '창작', '위', '고뇌', '뜬구름']"
184,INTP 연애 / 꼬시는법 공략법 / MBTI 공략법 시리즈 [2],https://blog.naver.com/rayharp/222746907942,"['연애', '꼬시는법', '공략', '법', '공략', '법', '시리즈']"
185,INTP - 내 깊은 뜻을 왜 이해 못하는걸까? INTP에 대한 오해,https://blog.naver.com/now_2716/221983039976,"['내', '깊은', '뜻', '왜', '이해', '대한', '오해']"
186,INTP 유형 성격 연애 특징 궁합 직업 연예인 알아볼게요 - 와우,https://no1wowpass.tistory.com/1191,"['유형', '성격', '연애', '특징', '궁합', '직업', '연예인', '와우']"
187,"Chat GPT에게 물어본 INTP의 연애(이상형, 플러팅)",https://blog.naver.com/euntamong/223175514323,"['의', '연애', '이상형', '플러팅']"
188,아 ㅋㅋ 인팁(INTP)에서 잉뿌삐(INFP)로 갈아탄 썰 푼다 ㅋㅋㅋ,https://blog.naver.com/oahayo714/223120545507,"['인팁', '잉뿌삐', '로']"
189,서울 2박 3일 여행기 (7) - 영화 엘리멘탈(Elemental) INTP...,https://blog.naver.com/acechanwon/223180713226,"['서울', '박', '여행기', '영화', '엘리', '멘탈']"
190,MBTI 유형 INTP 남자 여자 특징 팩폭 연예인 직업 인팁 짤 모음,https://blog.naver.com/musue2/223149559224,"['유형', '남자', '여자', '특징', '팩폭', '연예인', '직업', '인팁', '짤', '모음']"
191,ESTP주변인7 INTP 특징 성격 장단점 궁합,https://blog.naver.com/yesaboy/223183182581,"['주변인', '특징', '성격', '장단점', '궁합']"
192,인팁 intp 특징 강점 약점 알아봐요,https://blog.naver.com/richungcy/222852544800,"['인팁', '특징', '강점', '약점']"
193,"MBTI 검사 INTP 특징, 팩폭, 연예인, 연애, 빙고!",https://blog.naver.com/sjcu7/222694062900,"['검사', '특징', '팩폭', '연예인', '연애', '빙고']"
194,[MBTI] INTP 특징 - 내향적 사고형,https://blog.naver.com/greenleaf_hc/223185590498,"['특징', '향', '사고']"
195,INTP로부터 ENFP가 살아남기,https://blog.naver.com/solbon1212/223012152815,['로부터']
196,INTP 성격 유형 특징 (MBTI),https://blog.naver.com/bonitaliny/222472080266,"['성격', '유형', '특징']"
197,MBTI 정식검사로 알아 본 INTP 특징 (FEAT. 엠비티아이...,https://blog.naver.com/123goodgood/222431288975,"['정식', '검사', '알', '특징', '엠비티아이']"
198,"mbti 간단 ESTJ, ENTP, INTJ, INTP 팩폭 해봤습니다.",https://blog.naver.com/claykim999/223108946145,"['간단', '팩폭']"
199,MBTI 성격유형 - INTP 직장인이 선호하는 업무 스타일,https://blog.naver.com/projecthong/222774197797,"['성격', '유형', '직장인', '선호', '업무', '스타일']"
200,논리학자 INTP 1,https://blog.naver.com/petit0/223023180288,['논리학자']
201,같은듯 다른 INTJ INTP 차이 어떤것들이 있을까?,https://blog.naver.com/pro_n_edu/223182640434,"['같은듯', '다른', '차이', '것', '있을까']"
202,엠비티아이 INTP 연애 궁합 실용주의 연애?,https://blog.naver.com/feia1230/223141622286,"['엠비티아이', '연애', '궁합', '실용주의', '연애']"
203,"infj/intj/infp/intp 특징, 키워드로 알아보기★",https://blog.naver.com/hacademia/222747635504,"['특징', '키', '워드']"
204,[MBTI] INTP의 모든 것 특징 성향 20가지,https://blog.naver.com/fhfd778/223148376399,"['의', '모든', '것', '특징', '성향', '가지']"
205,이때싶> INTP의 몇몇 속내(?) 이야기,https://blog.naver.com/mill_fr/223069718624,"['때', '의', '몇몇', '내', '이야기']"
206,[MBTI / INTP 만화] 인팁의 결혼식,https://blog.naver.com/jennybg99/222792433872,"['만화', '인팁', '결혼식']"
207,INTP에서 INFP로 이사함,https://blog.naver.com/theagony/223151294737,"['로', '함']"
208,INTP유형의 글쓰기와 독서,https://blog.naver.com/andy_yu/222979881335,"['유형', '글쓰기', '독서']"
209,"INTP 성격 특징은? - MBTI 연애와 궁합, 추천 직업, 연예인 정리",https://blog.naver.com/itisbpm/223162141929,"['성격', '특징', '연애', '궁합', '추천', '직업', '연예인', '정리']"
210,임작가 성격공부 논리학자 INTP 3편 | MBTI성격유형,https://blog.naver.com/petit0/223037374990,"['임', '작가', '성격', '공부', '논리학자', '편', '성격', '유형']"
211,MBTI - INTP의 특징 (1),https://blog.naver.com/yuzuru_/222120262198,"['의', '특징']"
212,"연애알약테스트mbti, istp, enfp intp, isfp성격",https://blog.naver.com/eduwant/223189146108,"['연애', '알약', '테스트', '성격']"
213,"INTP(인팁)의 성향, 대인관계, 연애할 때",https://blog.naver.com/ojs1234/223152405705,"['인팁', '의', '성향', '대인관계', '연애', '때']"
214,"위한 MBTI) NTP 유형의 특징과 공통점, 차이점은?(INTP, ENTP)",https://blog.naver.com/sonafox/222173896161,"['위', '유형', '특징', '공통점', '차이점']"
215,도서 INTP CODE 숙제 3 (자기 합리화 인지),https://blog.naver.com/cacao24/223184504605,"['도서', '숙제', '자기', '합리화', '인지']"
216,캐릭터 창작을 위한 MBTI) INTP의 특징(ft. 어린 시절),https://blog.naver.com/sonafox/222186436354,"['캐릭터', '창작', '위', '의', '특징', '시절']"
217,intp에게 쳇GPT란?,https://blog.naver.com/shoong810/223118327667,['란']
218,Day 5 INTP도 장점이 있다고?,https://blog.naver.com/s2kumarei/223188157460,"['도', '장점', '있다고']"
219,팩폭 빙고 연락 INFJ ENFP ENFJ INTP 궁합 자세하게 분석,https://blog.naver.com/cosreader/223020577691,"['팩폭', '빙고', '연락', '궁합', '자세하게', '분석']"
220,INTP 특징 (MBTI 검사),https://blog.naver.com/bonitaliny/222407841311,"['특징', '검사']"
221,이준수라는 INTP,https://blog.naver.com/leejoonsoo95/222718798341,['이준수']
222,[주간일기 챌린지] #1 INTP 빙고,https://blog.naver.com/dmsghs1346/222762087717,"['주간', '일기', '린지', '빙고']"
223,코뀌리의 MBTI 결과 및 팩폭/ INTP-A 논리적인 사색가 (feat....,https://blog.naver.com/kokkirishu/221989226356,"['코뀌리', '결과', '및', '팩폭', '논리', '사색']"
224,칠판 성격 테스트 mbti INTP 게임폐인 링크 전체 유형 결과,https://blog.naver.com/tgbyhn78/223156863452,"['칠판', '성격', '테스트', '게임폐인', '링크', '전체', '유형', '결과']"
225,"주식 스터디, 꼭 해야 할까? (feat. 모임이 불편한 INTP)",https://blog.naver.com/blueshw/223161941597,"['주식', '스터디', '꼭', '모임', '불편한']"
226,"도서 INTP CODE 숙제1 (시급이론, 시소이론)",https://blog.naver.com/cacao24/223183410077,"['도서', '숙제', '시급', '이론', '시소', '이론']"
227,INTP 연애 특징 팩폭 궁합 성격 직업 이상형 연예인,https://blog.naver.com/danica11/222639445178,"['연애', '특징', '팩폭', '궁합', '성격', '직업', '이상형', '연예인']"
228,알고보니 INTJ와 INTP 사이.,https://blog.naver.com/de_mai/222654632314,"['알', '사이']"
229,[INTP] 홍진호로 바라본 인팁 성격분석(feat. 콩며들어버린...,https://blog.naver.com/2425j/223128479496,"['홍진호', '인팁', '성격', '분석', '콩']"
230,ENTP이었다 (구INTP/사회화가 잘 된(??)인팁),https://blog.naver.com/missyims/222592801298,"['구', '사회', '화가', '인팁']"
231,"MBTI 정식검사 통해서 본 INTP 특징, 나 이런사람이야",https://blog.naver.com/kang6902/222665704531,"['정식', '검사', '통해', '특징', '나', '사람']"
232,한화이글스 후디 수리와의 우주케미 INTP와 ENFP의 만남은?,https://blog.naver.com/daheeprint/222798999425,"['한화', '이글스', '후디', '수리', '우주', '케미', '의', '만남']"
233,MBTI - 당신이 혼자 INTP과 썸을 타는 이유,https://blog.naver.com/yuzuru_/222189368106,"['당신', '혼자', '과', '썸', '이유']"
234,"(최애채널)고민상담의 대가, 심리대화LBC 임철웅 소장님 intp",https://blog.naver.com/2425j/223166227686,"['최애', '채널', '고민', '상담', '대가', '심리', '대화', '임철웅', '장님']"
235,"ESTJ특징 팩폭, 궁합 INTP ESTJ 성격 차이 연애 경험 후기",https://blog.naver.com/uuuuu1997/223030223447,"['특징', '팩폭', '궁합', '성격', '차이', '연애', '경험', '후기']"
236,돈주고 mbti테스트 해봄-intp,https://blog.naver.com/jje92/222872421395,"['돈', '테스트']"
237,"INTP 인팁 특징, 성격 장점 알아볼게요",https://blog.naver.com/zencstory/222335411860,"['인팁', '특징', '성격', '장점']"
238,intp 전남친의 연락,https://blog.naver.com/cjsrnrrja/223035351388,"['전남친', '연락']"
239,INTP 성격 궁합 연애 직업 특징 빙고 장점 팩폭으로 비교,https://blog.naver.com/cosreader/223037029126,"['성격', '궁합', '연애', '직업', '특징', '빙고', '장점', '팩폭', '비교']"
240,[MBTI/INTP] 사회화 된 인팁의 특징,https://blog.naver.com/jennybg99/222643197424,"['사회', '인팁', '특징']"
241,진골 INTP인간이 ENTJ으로 변하고 느낀 변화,https://blog.naver.com/gg100012/223171812235,"['진골', '인간', '변하고', '변화']"
242,[번역/해외 펌] INTP의 인식 기능,https://blog.naver.com/yuzuru_/221569142665,"['번역', '해외', '펌', '의', '인식', '기능']"
243,INFP 직장인이 INTP가 된 이유-랑랑라이프,https://blog.naver.com/2ranglife/223177350327,"['직장인', '이유', '랑랑', '라이프']"
244,INTP 난 나야~ 자유로운 영혼,https://blog.naver.com/wplookey/223151387527,"['난', '나야', '자유로운', '영혼']"
245,entj와 intp과의 대화,https://blog.naver.com/yms099/223163593127,['대화']
246,"INFP, INTP MBTI성격특징에 따른 공부법은 무엇?",https://blog.naver.com/sjcu7/222423373154,"['성격', '특징', '공부', '법', '무엇']"
247,INTP 남자 여자 성격 장점 단점 인팁은 왜 그래?,https://blog.naver.com/mk275/223125384664,"['남자', '여자', '성격', '장점', '단점', '인팁', '왜', '그래']"
248,"MBTI 결과를 발표합니다, 난 INTP 입니다만!",https://blog.naver.com/helloyuju/222792973650,"['결과', '발표', '난', '입니다만']"
249,INTP(인팁) 관련 웃긴 댓글 모음.,https://blog.naver.com/chkybu/222718964744,"['인팁', '관련', '댓글', '모음']"
250,"사랑의 안개꽃 테스트 MBTI 유형(estj, istj, intp) 링크...",https://blog.naver.com/chois909/223006805323,"['사랑', '안개꽃', '테스트', '유형', '링크']"
251,"ENFP,INTP/엔프피,인팁 궁합,연애,관계 [8/256]",https://blog.naver.com/rayharp/222573413955,"['엔프피', '인팁', '궁합', '연애', '관계']"
252,INTP 특징 : 인팁 남녀의 연애 및 성격,https://blog.naver.com/uptothere/222328298861,"['특징', '인팁', '남녀', '연애', '및', '성격']"
253,노르웨이숲 고양이 특징 및 성격 INTP 대형묘 놀숲 성묘 크기,https://blog.naver.com/heijuju/223152135324,"['노르웨이숲', '고양이', '특징', '및', '성격', '대형', '묘', '놀숲', '성묘', '크기']"
254,MBTI INTP 여자 성격 연애 유형 궁합,https://blog.naver.com/j560510p/223126668955,"['여자', '성격', '연애', '유형', '궁합']"
255,MBTI테스트 INTP 성격 특징 팩폭 장점 단점 직업 겉바속촉 상어,https://blog.naver.com/tngo1005/223121946527,"['테스트', '성격', '특징', '팩폭', '장점', '단점', '직업', '겉바', '촉', '상어']"
256,"INTP과 INFJ의 회사 생활 :: 환상의 짝꿍 / 특징, 궁합",https://blog.naver.com/hannadiary_/222673510473,"['과', '의', '회사', '생활', '환상', '짝꿍', '특징', '궁합']"
257,MBTI 'INTP' 유형에 대해 알아보기,https://blog.naver.com/optima1022/223177207696,"['유형', '대해']"
258,INTP 특징 (맞는 부분도 있어서 신기함ㅎㅎ),https://blog.naver.com/shinjo19/223012916593,"['특징', '부분', '있어서', '신기함']"
259,INTP에게 최고의 칭찬,https://blog.naver.com/nakayamayuma/223078482045,"['최고', '칭찬']"
260,intp_주제 파악 2탄 블로그 통계분석,https://blog.naver.com/was_summer/223165225456,"['주제', '파악', '블로그', '통계', '분석']"
261,intp 여자 특징 성격 알아보기!,https://blog.naver.com/myclub4975/223120808950,"['여자', '특징', '성격']"
262,[intp 연애 타로 상담 사례] 썸남과 제가 둘 다 intp입니다....,https://blog.naver.com/j02wrath/223030926913,"['연애', '타로', '상담', '사례', '썸남', '제', '둘', '입니다']"
263,ENTP와 INTP 성격 특징 차이 구분하는 법,https://blog.naver.com/naraenam24/223152108132,"['성격', '특징', '차이', '구분', '법']"
264,진정한 INTP의 삶을 살고있다,https://blog.naver.com/1004ch7/223184670933,"['진정한', '의', '삶']"
265,언제 날까? ─ INTP의 『나의 덴마크 선생님』 편집 이야기,https://blog.naver.com/minumworld/222618945355,"['언제', '의', '나', '덴마크', '선생님', '편집', '이야기']"
266,어려운 MBTI/ MBTI 변태력 계급도/ MBTI 사진/ ENTP와 INTP 위주,https://blog.naver.com/haricookie/222772786785,"['어려운', '변태', '계급', '사진', '위주']"
267,동플갱어 - 혼신의 힘을 다해 낯가리는 미어캣 = INTP?,https://blog.naver.com/chkybu/222664038530,"['플갱', '혼신', '힘', '다해', '낯', '미어캣']"
268,[INFP와 INTP의 연애] 우리가 천생연분인 이유 #1,https://blog.naver.com/classicmarie/222747409231,"['의', '연애', '우리', '천생연분', '이유']"
269,"""타입스"" 에서 알아본 성격유형/ 간단한MBTI / 그리고 INTP...",https://blog.naver.com/instar360/222768124866,"['타입', '스', '성격', '유형', '간단한']"
270,MBTI 유형이 바뀌었다. _ INTP,https://blog.naver.com/armada1588/222093701099,['유형']
271,나도 컴백 뉴진스 되어보자 intp의 파워퍼프걸 테스트(링크...,https://blog.naver.com/ilovedys/223151918361,"['컴백', '뉴진스', '의', '파워퍼프걸', '테스트', '링크']"
272,INTP 겁나 공감,https://blog.naver.com/ekdud1021/221478180427,['공감']
273,나만의 MBTI 소개법 짱구 명찰 나는 INTP,https://blog.naver.com/shoong810/223101780947,"['나', '소개', '법', '짱구', '명찰', '나']"
274,인프제 인팁 infj intp 궁합 특징 팩폭,https://blog.naver.com/kbdc8761/223072356812,"['인', '프제', '인팁', '궁합', '특징', '팩폭']"
275,MBTI 성격유형 ISFP INTP 각각 특징 팩폭 장점 몰아보기,https://blog.naver.com/influencer33/223116647999,"['성격', '유형', '각각', '특징', '팩폭', '장점', '보기']"
276,INTP 인팁 특징 연애 팩폭,https://blog.naver.com/o_o_une/223118794035,"['인팁', '특징', '연애', '팩폭']"
277,"취준생을 위한 기능별 직장생활 특징(INTJ, INTP, ENTP, ENTJ)",https://blog.naver.com/projecthong/222390491788,"['취준생', '위', '기능', '별', '직장', '생활', '특징']"
278,MBTI 문답(INTP),https://blog.naver.com/rlagywls426/223187437005,['문답']
279,생각이 많을 때 멈추는 방법? _ INTP에게는 불가능,https://blog.naver.com/armada1588/222880783304,"['생각', '많을', '때', '방법', '불가능']"
280,표정성격테스트 MBTI결과 링크 정리(INTP 성격 ISTP장점),https://blog.naver.com/notsilly/223144087451,"['표정', '성격', '테스트', '결과', '링크', '정리', '성격', '장점']"
281,논리적인 사색가 INTP 특징 팩폭 MBTI 성격유형검사,https://blog.naver.com/ippynia/223088456411,"['논리', '사색', '특징', '팩폭', '성격', '유형', '검사']"
282,무료 mbti 검사로 찾은 INTP 특징 (논리적 사색가 성격유형),https://blog.naver.com/1day1study/222671501924,"['무료', '검사', '특징', '논리', '사색', '성격', '유형']"
283,"intp 특징, 연애, 팩폭, 궁합, 빙고 확인해보자! 연예인은 누구?",https://blog.naver.com/hyjueng/222733237983,"['특징', '연애', '팩폭', '궁합', '빙고', '확인', '연예인', '누구']"
284,INTP,https://blog.naver.com/loseme4/223165034088,[]
285,INTP 유형의 성격,https://blog.naver.com/undiner/223180265590,"['유형', '성격']"
286,MBTI 뚝심있게 INTP인 필자가 말하는 INTP인간,https://blog.naver.com/s_onlyrain/222868379782,"['뚝심', '있게', '인', '필자', '말', '인간']"
287,"레터링성격테스트 후기, MBTI 결과, 링크O :: 정신차렷체 (INTP)",https://blog.naver.com/kar4827/223140813824,"['레터', '링', '성격', '테스트', '후기', '결과', '링크', '정신']"
288,INTP 연애 특징 팩폭 신기하게 맞네?,https://blog.naver.com/gabiss/222731158708,"['연애', '특징', '팩폭', '신기하게']"
289,유형 총정리! INTP ENTP 유형에게 어울리는 찰떡공부법은?!,https://blog.naver.com/dst_pride/222657691044,"['유형', '정리', '유형', '찰떡', '공부', '법']"
290,"캐릭터 창작을 위한 MBTI) INTP 아이의 특징은?(학습, 친구...",https://blog.naver.com/sonafox/222871438890,"['캐릭터', '창작', '위', '아이', '특징', '학습', '친구']"
291,INTP 남자와 7년째 사는중(6주년 결혼기념일),https://blog.naver.com/onestep202212/223114391037,"['남자', '중', '주년', '결혼기념일']"
292,MBTI 유형별 특징 공부 잘하는 성격 istj infj esfj intp?...,https://blog.naver.com/dldbstjd282/223173960125,"['유형', '별', '특징', '공부', '성격']"
293,MBTI 검사 enfp가 보는 intp 특징,https://blog.naver.com/yeji2552/222639442196,"['검사', '특징']"
294,INTP 인스타 스토리 답장 하트 읽씹 안읽씹 대처 친해지는 법...,https://blog.naver.com/cm3755/223151045154,"['인스타', '스토리', '답장', '하트', '대처', '법']"
295,"천재가 많다는 INTP 특징, 연애, 팩폭, 직업, 연예인 알아볼까요!",https://blog.naver.com/jdcdutyfree1/222727439838,"['천재', '많다는', '특징', '연애', '팩폭', '직업', '연예인', '요']"
296,ESFJ INTP 연애 궁합 남자 여자 특징 알아보기!,https://blog.naver.com/hackers_lawschool/223086658784,"['연애', '궁합', '남자', '여자', '특징']"
297,"캐릭터 창작을 위한 MBTI) INTJ, ENTJ, INTP, ENTP 유형의...",https://blog.naver.com/sonafox/222755540063,"['캐릭터', '창작', '위', '유형']"
298,INTP 특징 연애 팩폭 궁합 빙고 직업 인팁 모음,https://blog.naver.com/love777555/222878511700,"['특징', '연애', '팩폭', '궁합', '빙고', '직업', '인팁', '모음']"
299,"회의에서의 ENTJ, ENSJ, INTJ, INTP",https://blog.naver.com/cortana1001/223139439502,['회의']
300,ESFP INTP 연애 궁합 특징 알아보기!,https://blog.naver.com/chinahackers/223085694291,"['연애', '궁합', '특징']"
301,INTP 장단점 특징 호기심이 가득한 그들 이해하기,https://blog.naver.com/feia1230/223115319986,"['장단점', '특징', '호기심', '가득한', '그', '이해']"
302,INTP 여자 인팁 특징 연애에 대해서 알아봐요,https://blog.naver.com/gold5doo/223108536896,"['여자', '인팁', '특징', '연애', '대해']"
303,"[intp와 enfp 697일째 연애중] T가 F를 감동시키는 법. T, F...",https://blog.naver.com/gkfthfql/222642642376,"['연애', '를', '감동', '법']"
304,함께하는 MBTI별 친환경 실천 유형! [INTP편/ISTP편/ENFJ편],https://blog.naver.com/daegu_news/222916377697,"['별', '친환경', '실천', '유형', '편', '편', '편']"
305,[MBTI] 예언가 INFJ들과 아이디어 뱅크 INTP,https://blog.naver.com/armada1588/222243816010,"['예언가', '아이디어', '뱅크']"
306,재미로 알아보는 MBTI 유형별 특징 <INTP>편 - 논리적인 사색가,https://blog.naver.com/brandkic/222686239740,"['재미', '유형', '별', '특징', '편', '논리', '사색']"
307,"INTP 남자 특징, 인팁 연애/플러팅 관심있다면",https://blog.naver.com/sungha4867/223173639138,"['남자', '특징', '인팁', '연애', '플러팅', '관심', '있다면']"
308,[MBTI] ENFP들의 세상에 INTP가 빠졌을 때.,https://blog.naver.com/armada1588/222401370578,"['세상', '때']"
309,건강 관리 - 지식 관리가 더 좋은 intp,https://blog.naver.com/vulpes_vulpes/223161138321,"['건강', '관리', '지식', '관리', '더', '좋은']"
310,"인팁 INTP 성격 특징, 궁합, 팩폭, 연예인 알아봐요",https://blog.naver.com/claykim999/223074593970,"['인팁', '성격', '특징', '궁합', '팩폭', '연예인']"
311,INTP 특징 성격 팩폭 직업 요약 정보,https://infomstation.tistory.com/729,"['특징', '성격', '팩폭', '직업', '요약', '정보']"
312,INTP CODE 게으른 천재들의 성공방법?,https://blog.naver.com/educhoistar/223169627241,"['게으른', '천재', '성공', '방법']"
313,"INTP 여자 특징, 인팁 팩폭 궁금하다면?",https://blog.naver.com/sungha4867/223172956259,"['여자', '특징', '인팁', '팩폭', '궁금하다면']"
314,Day 4 과연 난 INTP 그 자체인가?,https://blog.naver.com/s2kumarei/223186224985,"['과연', '난', '그', '자체']"
315,INTP? INTJ? — Duende,https://osunji.tistory.com/2685,[]
316,"INTP 남자/여자 성격 및 특징, 팩폭 + INTJ와의 차이점 분석",https://blog.naver.com/paradise1218/223121784285,"['남자', '여자', '성격', '및', '특징', '팩폭', '차이점', '분석']"
317,나는 솔로 solo 16기 돌싱 특집 110회 매력 터지는 INTP 상철,https://blog.naver.com/l_bbu2/223187137491,"['나', '솔로', '기', '돌싱', '특집', '매력', '상철']"
318,[홍카페 MBTI] INTP 유형의 연애와 이별 그리고 재회까지,https://blog.naver.com/hongcafe77/223081244164,"['홍', '카페', '유형', '연애', '이별', '재회']"
319,나는솔로 16기 옥순 광수 영자 MBTI INTP 상철 영숙 데이트,https://blog.naver.com/lemonic119/223185712976,"['나', '솔로', '기', '옥순', '광수', '영자', '상철', '영숙', '데이트']"
320,극도로 게으른데 선택지는 너무나 많아서 #intp,https://blog.naver.com/horang2jump/223188201472,"['극도', '게으른데', '선택', '많아서']"
321,유료 MBTI 검사 - INTP,https://blog.naver.com/dltn0123/223183275117,"['유료', '검사']"
322,INTP 특징에 대해 알아봅시다.,https://blog.naver.com/wkdgudrb2/223111394416,"['특징', '대해']"
323,테스트 분석형 4가지 유형 팩폭 모음 ( INTJ INTP ENTJ ENTP),https://blog.naver.com/nkholic1/223186751929,"['테스트', '분석', '가지', '유형', '팩폭', '모음']"
324,INTP 짤 모음2,https://blog.naver.com/bob-ross/222758071577,"['짤', '모음']"
325,본인이 INTP라면 주식투자 해보시는건 어떨까요?,https://blog.naver.com/now_2716/222445920774,"['본인', '라면', '주식', '투자', '어떨까', '요']"
326,[우당탕탕 일본 자유여행-D-1]즉흥 INTP 여자 혼자 오사카...,https://blog.naver.com/madarimid/223174075885,"['탕', '일본', '자유여행', '즉흥', '여자', '혼자', '오사카']"
327,INTP intp 연애 특징 팩폭 키워드 연예인 궁합 직업 총정리해...,https://blog.naver.com/tjfthd9320/223107442050,"['연애', '특징', '팩폭', '키', '워드', '연예인', '궁합', '직업', '정리', '해']"
328,"nt 기질의 mbti 유형 intj, intp, entj, entp 특징 알아봐요",https://blog.naver.com/richungcy/222717575564,"['기질', '유형', '특징']"
329,"비판적 분석가, INTP",https://blog.naver.com/lorhee/30085177974,"['비판', '분석']"
330,"책 추천, INTP코드",https://blog.naver.com/cuspit/223123346808,"['책', '추천', '코드']"
331,"INTP가 본 INFJ: 사서... INFJ 특징, INTP/INFJ 궁합, INTP/INFJ...",https://blog.naver.com/w_log1222/223179338641,"['사서', '특징', '궁합']"
332,MBTI 유형 INTP ISTP 특징과 어울리는 꽃 알아봐요,https://blog.naver.com/richungcy/222651968596,"['유형', '특징', '꽃']"
333,INTP 특징 컬러는 셜록홈즈 같은 다크시안,https://blog.naver.com/twinspsy14/223097064611,"['특징', '컬러', '셜록홈즈', '같은', '다크', '시안']"
334,INTP 특징/ 대표인물/ 직업/ 궁합/ 연애/ 여자/ 남자,https://blog.naver.com/wbk333/223176930244,"['특징', '대표', '인물', '직업', '궁합', '연애', '여자', '남자']"
335,INTP 연대기,https://blog.naver.com/654hong/223186885849,['연대기']
336,INTP에게 생일이란/INTP생일/생일선물/카톡생일숨김...,https://blog.naver.com/cm3755/223136040884,"['생일', '생일', '생일', '선물', '카톡', '생일']"
337,EFT기법을 적용한 mbti커플성격검사 ENFP INTP나왔네요^^,https://blog.naver.com/qmffltm6080/222696315001,"['기법', '적용', '커플', '성격', '검사']"
338,INTP 유형의 빌런(=villain) 확률,https://blog.naver.com/gdmgfes70/223187906575,"['유형', '빌런', '확률']"
339,"호기심 많은 논리적인 몽상가 INTP 특징, 빙고",https://blog.naver.com/bomnarl5273/223153075534,"['호기심', '많은', '논리', '몽상가', '특징', '빙고']"
340,"나는 INTP, 전화보다는 톡이 편한 전화 공포증?(콜포비아)",https://blog.naver.com/namdali-art/222869692215,"['나', '전화', '톡', '편한', '전화', '공포증', '콜', '포비아']"
341,"키워드(I 유형/INFP, INFJ, ISFP, ISTP, ISFJ, IFTJ, INTP, INTJ)",https://blog.naver.com/dongduk_w_univ/222615414405,"['키', '워드', '유형']"
342,intp 남자 랑 재회하는법,https://blog.naver.com/ddk4ksbdf/223143994900,"['남자', '재회', '법']"
343,[MBTI] 몽상을 즐기는 덕후들 _ INTP과 INFP,https://blog.naver.com/armada1588/222152829125,"['몽상', '덕후', '과']"
344,독창적이고 논리적인 사고의 INTP 연애 유형과 음식궁합,https://blog.naver.com/kissqx/223031352485,"['독창', '논리', '사고', '연애', '유형', '음식', '궁합']"
345,"에니어그램 5유형 : INTJ,INTP, INFJ, ISTJ 에 많은 유형",https://blog.naver.com/lisara/223189300825,"['에니어그램', '유형', '많은', '유형']"
346,MBTI로도 객관성테스트로도 찐 INTP가 작성- 인팁 연애 인팁...,https://blog.naver.com/s_onlyrain/223116550746,"['로', '객관성', '테스트', '도', '작성', '인팁', '연애', '인팁']"
347,intp 남자 특징 연애 이상형 호감 데이트 좋아하는 사람...,https://blog.naver.com/prayer556/223146633871,"['남자', '특징', '연애', '이상형', '호감', '데이트', '좋아하는', '사람']"
348,INTP-ENTP 테스트,https://blog.naver.com/mistyrh/222520191851,['테스트']
349,나는 (공포) 회피형 인간 + intp 여성,https://blog.naver.com/whtjdud1824/223189201493,"['나', '공포', '회피', '인간', '여성']"
350,MBTI 성격 분석 ISTP-T 특징 INTP-A와 궁합.,https://blog.naver.com/dbtksk0/222165941332,"['성격', '분석', '특징', '궁합']"
351,무도짤 레드벨벳짤 박명수짤 덕질짤 주접짤 mbti짤 intp짤,https://blog.naver.com/oninsa/223170495551,"['무도', '레드', '벨벳', '박명수', '덕질', '주접', '짤', '짤']"
352,"정유현 사주(픽고 배우 보라 우영, MBTI INTP)",https://blog.naver.com/notsilly/223107298367,"['정', '유현', '사주', '픽', '배우', '보라', '우영']"
353,"MBTI) INTP 간단 요약(정리, 장점, 단점, 성격, 약점, 꿀팁)",https://blog.naver.com/chs8763/223165181694,"['간단', '요약', '정리', '장점', '단점', '성격', '약점', '꿀팁']"
354,INTP 특징 연애 궁합 빙고 이상형 연예인 팩폭으로 정리,https://blog.naver.com/cosreader/222826622898,"['특징', '연애', '궁합', '빙고', '이상형', '연예인', '팩폭', '정리']"
355,"INTJ와 INTP 특징, 차이, 공통점",https://blog.naver.com/richungcy/222382842221,"['특징', '차이', '공통점']"
356,심리학 덕후 INTP가 쓰는 MBTI 유형에 대한 간단한 고찰....,https://blog.naver.com/soel_142857/221103729138,"['심리학', '덕후', '유형', '대한', '간단한', '고찰']"
357,INTJ//INTP//ENTJ//ENTP 팩폭 정리 [분석가형 팩폭 정리],https://blog.naver.com/msjangdh/223157206085,"['팩폭', '정리', '분석', '가형', '팩폭', '정리']"
358,INTP CODE는 내 인생을 어떻게 변화시킬 것인가,https://blog.naver.com/rangeview89/223183124099,"['내', '인생', '어떻게', '변화', '것']"
359,[INFP와 INTP의 연애] 관계가 성립하기 위한 기본적인 전제들,https://blog.naver.com/classicmarie/222393388065,"['의', '연애', '관계', '성립', '위', '기본', '전제']"
360,"MBTI 유형 ISTP, INTP 특징 살펴보기",https://blog.naver.com/bonitaliny/222579463204,"['유형', '특징']"
361,MBTI INTP 뜻 특징 팩폭 장점 단점 직업 인간 관계...,https://poiu1.tistory.com/113,"['뜻', '특징', '팩폭', '장점', '단점', '직업', '인간', '관계']"
362,인팁이 보는 INTP특징/편견/집착/연애(썸)/취미,https://blog.naver.com/cm3755/223092205955,"['인팁', '특징', '편견', '집착', '연애', '썸', '취미']"
363,논리학자 INTP 2,https://blog.naver.com/petit0/223023182331,['논리학자']
364,"INTP 특징, 연애 궁합 표",https://blog.naver.com/hama454/223167713903,"['특징', '연애', '궁합', '표']"
365,학교 상담실에서 MBTI 검사해본 후기!(나는 ISTP/INTP),https://blog.naver.com/kachu_t/223107171860,"['학교', '상담', '실', '검사', '후기', '나']"
366,intp의 OTT 채널 WACHA 왓챠 볼만한 애니 추천 목록,https://blog.naver.com/ilovedys/223135441631,"['의', '채널', '왓챠', '볼', '애니', '추천', '목록']"
367,INTP특징 연애 궁합 한 눈에 확인하기!,https://blog.naver.com/hackers_pass/223064414253,"['특징', '연애', '궁합', '눈', '확인']"
368,"엠비티아이 INTP 인팁 팩폭, 특징과 연애까지",https://blog.naver.com/phoibebe/223140076358,"['엠비티아이', '인팁', '팩폭', '특징', '연애']"
369,INTP INTJ 성격유형 특징과 잘 맞는 직업,https://blog.naver.com/richungcy/222576771354,"['성격', '유형', '특징', '직업']"
370,INTP 인팁 성격 장점 특징 의사소통 방식은?,https://blog.naver.com/ink2777/223064667781,"['인팁', '성격', '장점', '특징', '의사소통', '방식']"
371,미루지 않는 동기부여된 INTP의 상태,https://blog.naver.com/cortana1001/223126719759,"['동기부여', '의', '상태']"
372,"MBTI 검사결과: INTP, 그리고 J의 추구",https://blog.naver.com/ryuha149/220004715032,"['검사', '결과', '의', '추구']"
373,MBTI 성격 유형검사 INTP 이 유형의 특징과 장단점,https://blog.naver.com/ablanck1294/223129440253,"['성격', '유형', '검사', '이', '유형', '특징', '장단점']"
374,DIY - intp은 유형보다는 무형을 만들길 좋아하지요.,https://blog.naver.com/vulpes_vulpes/223153645981,"['은', '유형', '무형', '좋아하지요']"
375,엥 내가 INTP라니..?(인팁의 발견),https://blog.naver.com/mmingg93/223181790964,"['내', '인팁', '발견']"
376,MBTI 분석 - 4개월 후 검사... 다시 INTP... 난 진짜 INTP?,https://blog.naver.com/chkybu/222578684389,"['분석', '개월', '후', '검사', '다시', '난', '진짜']"
377,"Chat GPT에게 물어본 INTP(특징, 잘 맞는 성격유형, 잘...",https://blog.naver.com/euntamong/223160656045,"['특징', '성격', '유형']"
378,"MBTI, INTP 유형 해석 및 해석 방법 (2020 업그레이드)",https://blog.naver.com/mbtikim/220411961669,"['유형', '해석', '및', '해석', '방법', '업그레이드']"
379,INTP 인팁의 열등기능(외향감정),https://blog.naver.com/godsaeng_694/223181618470,"['인팁', '열등', '기능', '외향', '감정']"
380,INTP CODE는 내 인생을 어떻게 변화시킬 것인가?,https://blog.naver.com/daily_lukki/223187211875,"['내', '인생', '어떻게', '변화', '것']"
381,"캐릭터 창작을 위한 mbti) intp와 infj의 연애, 결혼에 대하여...",https://blog.naver.com/sonafox/222476788951,"['캐릭터', '창작', '위', '의', '연애', '결혼', '대하']"
382,성격유형 INTP : 논리적인 사색가형 정보 정리,https://blog.naver.com/ww31ni/221846808428,"['성격', '유형', '논리', '사색', '가형', '정보', '정리']"
383,INTP유형 여자가 사랑을 시작하면 태도 변화,https://blog.naver.com/yiu1989/223174577971,"['유형', '여자', '사랑', '시작', '태도', '변화']"
384,[우당탕탕 일본 자유여행-D-2]즉흥 INTP 여자 혼자 오사카...,https://blog.naver.com/madarimid/223175126473,"['탕', '일본', '자유여행', '즉흥', '여자', '혼자', '오사카']"
385,INTP ENFJ 성격 유형 차이와 궁합 알아봐요,https://blog.naver.com/richungcy/222546124272,"['성격', '유형', '차이', '궁합']"
386,이재진 - MBTI INTP유형.,https://blog.naver.com/tazumi27/220809062986,"['이재진', '유형']"
387,심테 ☞ [MBTI] 저는 짭 INTP 이에요. 결과 보고 가세용(/▽＼),https://blog.naver.com/ooz5273/223022485120,"['저', '결과', '보고']"
388,나의 MBTI 이야기 :: INFP와 INTP 사이 어딘가,https://blog.naver.com/ghkddbswjdzz/222180710724,"['나', '이야기', '사이', '어딘가']"
389,"미미 사주 (INTP,MBTI,국적,태닝,입술,립스틱,데뷔,오마이걸...",https://blog.naver.com/funsaju1/223183251147,"['미미', '사주', '국적', '태닝', '입술', '립스틱', '데뷔', '마이걸']"
390,INTP 해석 중 맘에 드는 거,https://blog.naver.com/chungant/221311269054,"['해석', '중', '맘', '거']"
391,[intp entj 궁합 타로 상담 사례] 고백을 받았는데 솔직히...,https://blog.naver.com/j02wrath/223001642802,"['궁합', '타로', '상담', '사례', '고백', '솔직히']"
392,인팁의 연애 / INTP의 연애특징,https://blog.naver.com/1000wishes/223175953728,"['인팁', '연애', '의', '연애', '특징']"
393,INTP 특징 팩폭 성격 인팁,https://blog.naver.com/naraenam24/223133239579,"['특징', '팩폭', '성격', '인팁']"
394,INTP 유형의 남자가 사랑에 빠질 때 태도 변화,https://blog.naver.com/yiu1989/223173671208,"['유형', '남자', '사랑', '때', '태도', '변화']"
395,INTP 인팁 여자 성격 특징 연애 장단점 살펴보기,https://blog.naver.com/291637/223168695800,"['인팁', '여자', '성격', '특징', '연애', '장단점']"
396,INTP 부모의 특징과 육아 스타일: 이해하기 쉬운 가이드,https://blog.naver.com/icoomim/223151705569,"['부모', '특징', '육아', '스타일', '이해', '쉬운', '가이드']"
397,[MBTI] 덕후와 전문가는 한 끗 차이? _ INTP와 INTJ,https://blog.naver.com/armada1588/222158158470,"['덕후', '전문가', '끗', '차이']"
398,INTP가 만든 노트 개봉기_이제 개봉 (2),https://intpland.tistory.com/559,"['노트', '개봉', '기', '이제', '개봉']"
399,캐릭터 창작을 위한 mbti) INTP LOVE 20가지(ft. 이상한...,https://blog.naver.com/sonafox/222872832743,"['캐릭터', '창작', '위', '가지', '이상한']"
400,[INTP / 인간분석] 담배 피우는 여자가 좋다.,https://blog.naver.com/jennybg99/223061057136,"['인간', '분석', '담배', '여자', '좋다']"
401,"intp특징, 궁합, 연애는?",https://blog.naver.com/sks2503/223124646514,"['특징', '궁합', '연애']"
402,[2020.04.07] MBTI 성격유형 테스트 하기 - 이번에도 INTP...,https://blog.naver.com/saekomgod/221895909843,"['성격', '유형', '테스트', '이번']"
403,MBTI - INTP(아인슈타인형)의 세부기능 by Love Doctor...,https://blog.naver.com/career91/220491098817,"['아인슈타인', '의', '세부', '기능']"
404,딱 1달 만에 INTP 남자 꼬신 나만의 팁,https://blog.naver.com/jinha3945/223146096342,"['달', '남자', '꼬신', '나', '팁']"
405,intp 연애 궁합 특징 이상형 팩폭 총정리!,https://blog.naver.com/hackers_pass/223043864879,"['연애', '궁합', '특징', '이상형', '팩폭', '정리']"
406,INTP. 점유자 명도에 대한 다른 시선,https://blog.naver.com/horang2jump/223173400806,"['점유', '명도', '대한', '다른', '시선']"
407,캐릭터 창작을 위한 MBTI) ESFJ와 INTP 유형을 비교하면?,https://blog.naver.com/sonafox/222452704948,"['캐릭터', '창작', '위', '유형', '비교']"
408,기질로 보는 INTP: 건축가,https://blog.naver.com/weezer5575/220759108242,"['기질', '건축가']"
409,"INTP, 논리학자형 인격",https://yuko.tistory.com/339,"['논리학자', '인격']"
410,맞는 직업을 찾는 책 : 무료 MBTI 심리검사 궁합? INTP 생각 정리,https://blog.naver.com/seoulharu/222835789485,"['직업', '책', '무료', '심리검사', '궁합', '생각', '정리']"
411,intp 솔로인 이유와 해결방법,https://blog.naver.com/abicinia/222485858327,"['솔로인', '이유', '해결', '방법']"
412,intp 연애 특징 궁합 인팁 여자 남자 색달라,https://blog.naver.com/company4132/223045733100,"['연애', '특징', '궁합', '인팁', '여자', '남자', '색달라']"
413,나는 INTP,https://blog.naver.com/bluepondco/223179310355,['나']
414,"[mbti] INTJ가 본 INTP , ENTP : 가장 이유있게 이상한 그...",https://blog.naver.com/le_blanc_/222659801048,"['가장', '이유', '있게', '이상한', '그']"
415,멜버른일상 다시해도 확신의 INTP,https://blog.naver.com/tjddbwjd7942/222811120400,"['멜버른', '일상', '다시', '확신']"
416,캐릭터 창작을 위한 MBTI) INTP의 연애와 사랑 이야기...,https://blog.naver.com/sonafox/222099733367,"['캐릭터', '창작', '위', '의', '연애', '사랑', '이야기']"
417,MBTI 유형별 공부법 - INTP,https://blog.naver.com/plda_math/223163181466,"['유형', '별', '공부', '법']"
418,INTP여자 인팁특징 및 연애 궁합까지 팩폭주의,https://blog.naver.com/wiseevaad/223098485578,"['여자', '인팁', '특징', '및', '연애', '궁합', '팩', '폭주']"
419,ESFJ 남편과 INTP 부인의 대화,https://blog.naver.com/lstwuwfdv/223173213397,"['남편', '부인', '대화']"
